{"features": ["Defense Against the Dark Arts", "Charms", "Ancient Runes", "Herbology", "Divination"], "means": [-0.3878634974417864, -243.3744090125, 495.74797005915786, 1.1410195296768044, 3.153909673286355], "stds": [5.16040249138473, 8.780894559533117, 105.08265387187238, 5.163925073157659, 4.103030881423507], "weights": {"Gryffindor": [-3.967007910241319, -0.798559911268979, -1.87992421071175, 2.4869542509696134, -1.8663217077523273, 1.8768918454441297], "Hufflepuff": [-2.227855633858674, -1.8142929670553303, -0.7233877478810135, -3.2798360876538704, 2.4014244385815813, 1.2023930816451154], "Ravenclaw": [-2.7425178506281873, 1.4359061525042462, 1.9198885281849871, 1.7921005302355206, 0.9258446994275513, -0.15317497646822303], "Slytherin": [-3.753863255366273, 2.131052257050689, -0.169474685512496, -1.8013177440409653, -1.105965392664963, -1.6055627862891328]}}