{
    "features": [
        "Defense Against the Dark Arts",
        "Charms",
        "Ancient Runes",
        "Herbology",
        "Divination"
    ],
    "means": [
        -0.3878634974417864,
        -243.3744090125,
        495.74797005915786,
        1.1410195296768044,
        3.153909673286355
    ],
    "stds": [
        5.16040249138473,
        8.780894559533117,
        105.08265387187238,
        5.163925073157659,
        4.103030881423507
    ],
    "weights": {
        "Gryffindor": [
            -2.4596895587500898,
            -0.9075920980741908,
            -1.1689555034984065,
            1.7214709517850197,
            -1.34903124468062,
            0.7753761510479057
        ],
        "Hufflepuff": [
            -1.4101903783614158,
            -1.6084270213546261,
            -0.19005433505685418,
            -2.2759779513694767,
            1.6009683818046914,
            0.6662028856686774
        ],
        "Ravenclaw": [
            -1.9152111958474796,
            1.341785137965543,
            1.6154456906008925,
            1.2825101601753028,
            0.6033696364850862,
            0.23403319656786578
        ],
        "Slytherin": [
            -2.4981417431844015,
            1.1964571819668468,
            -0.26914923284103387,
            -0.9327878767322498,
            -0.7337511583446363,
            -1.6652233257657347
        ]
    }
}