{
    "features": [
        "Defense Against the Dark Arts",
        "Charms",
        "Ancient Runes",
        "Herbology",
        "Divination"
    ],
    "means": [
        -0.3878634974417859,
        -243.3744090125,
        495.74797005915826,
        1.141019529676806,
        3.1539096732863516
    ],
    "stds": [
        5.160402491384729,
        8.780894559533115,
        105.08265387187238,
        5.163925073157666,
        4.103030881423507
    ],
    "weights": {
        "Gryffindor": [
            -3.7521043573986126,
            -1.1311973045977528,
            -1.5700652649541025,
            2.523215312712442,
            -1.8447489492434048,
            1.4024651952356442
        ],
        "Hufflepuff": [
            -2.160961144204059,
            -2.0509942600885935,
            -0.37502715207588905,
            -3.246651142123092,
            2.2012560755969743,
            0.9941276637873145
        ],
        "Ravenclaw": [
            -2.742404631589789,
            1.5397042058869848,
            1.884261255794038,
            1.6390278701008547,
            0.7883421079370685,
            0.05076251799580105
        ],
        "Slytherin": [
            -3.6057220164567534,
            1.9118463459676518,
            -0.1766095714576848,
            -1.5813977716194059,
            -1.0014298399578323,
            -1.803416536837875
        ]
    }
}